rank,strategy,IS_months,IS_ann_ret,IS_ann_vol,IS_sharpe,IS_cer_ann,IS_avg_turnover,IS_avg_risky_weight,IS_max_drawdown,OOS_months,OOS_ann_ret,OOS_ann_vol,OOS_sharpe,OOS_cer_ann,OOS_avg_turnover,OOS_avg_risky_weight,OOS_max_drawdown,IS_OOS_months,IS_OOS_ann_ret,IS_OOS_ann_vol,IS_OOS_sharpe,IS_OOS_cer_ann,IS_OOS_avg_turnover,IS_OOS_avg_risky_weight,IS_OOS_max_drawdown
4,myopic,240,0.1118609316672651,0.1071944329717646,1.046300066636744,0.0834309262111,0.4170333450644437,0.7197141663110355,-0.1073360681438952,239,0.0602181710070617,0.1211386132406226,0.5442788654602246,0.0292467779333781,0.4632091231660264,0.8059365271217359,-0.2443254965707679,479,0.08578645000064178,0.11443999494721306,0.7785181710617711,0.056352334453827264,0.44007303392932523,0.7627353442520739,-0.2443254965707674
4,pipinn,240,0.1354625237608024,0.1134807068532847,1.1812227242761084,0.1018513126322125,0.7165114429300595,0.8030856471687076,-0.1252428420865782,239,0.086187979783159,0.1367668566461965,0.6745878608445217,0.0454983285671839,0.7609718833247114,0.9450682742547852,-0.2650668095170699,479,0.110603431823312,0.12565365083933372,0.900867116485194,0.07372514218433499,0.7386952534818796,0.8739287533765834,-0.26506680951707007
4,pipinn_zero,240,0.1277943551061722,0.1169090197894528,1.0916626319256366,0.0934559109688737,0.7809584293656531,0.846484738644971,-0.1573399737455975,239,0.0845733313421501,0.1404530983475107,0.6500012546182964,0.0419770080523701,0.7678701638995378,0.9654263477785742,-0.268344470790396,479,0.10601784452078378,0.12916532547536297,0.8477342667904612,0.06778866922371699,0.7744279587051071,0.9058313870435747,-0.2683444707903958
