rank,strategy,IS_months,IS_ann_ret,IS_ann_vol,IS_sharpe,IS_cer_ann,IS_avg_turnover,IS_avg_risky_weight,IS_max_drawdown,OOS_months,OOS_ann_ret,OOS_ann_vol,OOS_sharpe,OOS_cer_ann,OOS_avg_turnover,OOS_avg_risky_weight,OOS_max_drawdown,IS_OOS_months,IS_OOS_ann_ret,IS_OOS_ann_vol,IS_OOS_sharpe,IS_OOS_cer_ann,IS_OOS_avg_turnover,IS_OOS_avg_risky_weight,IS_OOS_max_drawdown
2,myopic,240,0.1144491751836538,0.1064582937470055,1.0745682389052231,0.0860632804597653,0.3892907269421549,0.7177573778218238,-0.1252021369424564,239,0.0740916590687137,0.1230361038863648,0.6438788513270701,0.0413756380932697,0.4537450684930352,0.8404911289469713,-0.2278461017668159,479,0.09412647462939261,0.1150208192341581,0.841980107728312,0.06377076962653297,0.4214506176115921,0.7789961388216364,-0.22784610176681586
2,pipinn,240,0.1409452146054333,0.1048952289497403,1.3150846411231656,0.1104385818778555,0.7008332648164693,0.7693361689720247,-0.1095082367044425,239,0.0869134562737672,0.1300479609849071,0.7077598715666971,0.0497615477733588,0.8760160297515022,0.9385171232886796,-0.2638748733718378,479,0.11365807869209799,0.11817930801864744,0.9734557945211434,0.08012646007383552,0.7882417842725713,0.8537500480569528,-0.26387487337183724
2,pipinn_zero,240,0.138302615794039,0.1089373676084293,1.2487364910711345,0.1063656910202411,0.7391801222273832,0.8172744187571247,-0.1242942178418529,239,0.0880758127307776,0.1342603789186969,0.6978490681154151,0.0486288569447549,0.8605571809415441,0.9574639674667464,-0.264281803546333,479,0.11295832629984126,0.12225512314874998,0.9399031070253129,0.0775421822569823,0.7997419531933214,0.8872228574661009,-0.26428180354633257
