rank,strategy,IS_months,IS_ann_ret,IS_ann_vol,IS_sharpe,IS_cer_ann,IS_avg_turnover,IS_avg_risky_weight,IS_max_drawdown,OOS_months,OOS_ann_ret,OOS_ann_vol,OOS_sharpe,OOS_cer_ann,OOS_avg_turnover,OOS_avg_risky_weight,OOS_max_drawdown,IS_OOS_months,IS_OOS_ann_ret,IS_OOS_ann_vol,IS_OOS_sharpe,IS_OOS_cer_ann,IS_OOS_avg_turnover,IS_OOS_avg_risky_weight,IS_OOS_max_drawdown
5,myopic,240,0.1116749690005138,0.1077278182579091,1.0398322520190713,0.0830056527977001,0.3996664384189483,0.7313736054685407,-0.1502845868206695,239,0.0651528110569317,0.1241068178789995,0.5718556369494586,0.0324649277778378,0.4580606860263246,0.8265123606938406,-0.2203391519694866,479,0.0882138582589691,0.11621895429667295,0.7876328731532227,0.05777075554302122,0.4288026078931924,0.7788436733158198,-0.22033915196948717
5,pipinn,240,0.1353551476444263,0.1048130787250386,1.2687612784827424,0.1055183220853395,0.7201055127258356,0.7864483311570876,-0.1178285098950157,239,0.0878555734867576,0.1307474246780366,0.7110468138122839,0.0502303170816323,0.8212869206782933,0.9378950721076582,-0.2465037520525739,479,0.11140120024038369,0.11848206730830693,0.9538736947553935,0.07792192662150653,0.7705905993659972,0.8620136152639486,-0.2465037520525738
5,pipinn_zero,240,0.1337477487209377,0.109622209258823,1.204730871175717,0.1020226877536256,0.7653641269970042,0.8358003317641017,-0.1596133641849114,239,0.0834679090910341,0.1391459404859643,0.6471883450562218,0.0416496490600939,0.8274678016010335,0.9581476822599448,-0.2581812453417693,479,0.10837522395952837,0.12524237482570694,0.8871062923532358,0.07188916764718994,0.7963511379163424,0.8968462957902112,-0.2581812453417691
