rank,strategy,IS_months,IS_ann_ret,IS_ann_vol,IS_sharpe,IS_cer_ann,IS_avg_turnover,IS_avg_risky_weight,IS_max_drawdown,OOS_months,OOS_ann_ret,OOS_ann_vol,OOS_sharpe,OOS_cer_ann,OOS_avg_turnover,OOS_avg_risky_weight,OOS_max_drawdown,IS_OOS_months,IS_OOS_ann_ret,IS_OOS_ann_vol,IS_OOS_sharpe,IS_OOS_cer_ann,IS_OOS_avg_turnover,IS_OOS_avg_risky_weight,IS_OOS_max_drawdown
1,myopic,240,0.1163500085729554,0.1047407410030033,1.1068266114783278,0.0885032823834377,0.4107460394684223,0.6875399357267981,-0.1272783538821856,239,0.0617623734889247,0.1154453377095619,0.5778690418564832,0.0333932216918356,0.4910016307273515,0.75985665523317,-0.2215770622163211,479,0.08877109619737511,0.11032594298783094,0.8282044631575349,0.060942904144200026,0.45079006099427626,0.7236228082988709,-0.2227574156219434
1,pipinn,240,0.1382163691907119,0.1059360519635582,1.2802480881108325,0.1075683102242909,0.7134275337799885,0.760953151222651,-0.1038430319263724,239,0.092026832024965,0.1272924504967638,0.757229988234014,0.0558812409082656,0.829537427749238,0.9374918611751596,-0.2546893889526017,479,0.11493063455640828,0.11709460434816778,0.9910618846014957,0.08177013334332678,0.771361280457756,0.849038227796032,-0.2546893889526016
1,pipinn_zero,240,0.13421425008679,0.1100456374676242,1.2041251507542392,0.1022336139914099,0.7691682809090472,0.8160467076865778,-0.1448087084106707,239,0.0833202525332681,0.1336151744722761,0.6674913786053736,0.0445544398879551,0.8386012868891889,0.9527345990783564,-0.2587369079351379,479,0.10852832133192791,0.12240653682319709,0.9059407472198773,0.07343466879158284,0.8038123068573851,0.8842479729112858,-0.2587369079351379
