rank,strategy,IS_months,IS_ann_ret,IS_ann_vol,IS_sharpe,IS_cer_ann,IS_avg_turnover,IS_avg_risky_weight,IS_max_drawdown,OOS_months,OOS_ann_ret,OOS_ann_vol,OOS_sharpe,OOS_cer_ann,OOS_avg_turnover,OOS_avg_risky_weight,OOS_max_drawdown,IS_OOS_months,IS_OOS_ann_ret,IS_OOS_ann_vol,IS_OOS_sharpe,IS_OOS_cer_ann,IS_OOS_avg_turnover,IS_OOS_avg_risky_weight,IS_OOS_max_drawdown
4,myopic,240,0.1169946208630743,0.1037528977169813,1.1219853991074455,0.0894975768918653,0.3997127029072733,0.6712573690545923,-0.1351703542717974,239,0.0610094678540658,0.1143924063206121,0.5757893937654402,0.0331518777271651,0.4828700393915635,0.7652471254071852,-0.2084744796546268,479,0.08870064790906707,0.1093210862376326,0.8341514674476226,0.061312594767649574,0.4412045680841947,0.7181541368380365,-0.21148560328821076
4,pipinn,240,0.1403602535434851,0.1081402241491031,1.2738858667777673,0.1085225329761766,0.731144539060837,0.7788169779551735,-0.1291310164956384,239,0.0873513831181733,0.1300289061606086,0.7109992539011748,0.0501816641724676,0.8814276694296559,0.9550092072920168,-0.2318337917701888,479,0.11359576335633892,0.11961771130295394,0.9626640751602769,0.07938068128085507,0.8061292325016465,0.8667291758915107,-0.2318337917701887
4,pipinn_zero,240,0.1403055740823093,0.1086121894009941,1.2683926193263864,0.1082713801889069,0.7562138815384974,0.7972054428711421,-0.1244674893473838,239,0.0853341263263389,0.1308924013077339,0.6929137335381447,0.0478650906816528,0.8855469416028342,0.958450198791887,-0.2472024523358136,479,0.1125377382840842,0.1203125825732022,0.9498520244677521,0.07809135631251571,0.8207454083764443,0.8776595068900523,-0.2472024523358134
