rank,strategy,IS_months,IS_ann_ret,IS_ann_vol,IS_sharpe,IS_cer_ann,IS_avg_turnover,IS_avg_risky_weight,IS_max_drawdown,OOS_months,OOS_ann_ret,OOS_ann_vol,OOS_sharpe,OOS_cer_ann,OOS_avg_turnover,OOS_avg_risky_weight,OOS_max_drawdown,IS_OOS_months,IS_OOS_ann_ret,IS_OOS_ann_vol,IS_OOS_sharpe,IS_OOS_cer_ann,IS_OOS_avg_turnover,IS_OOS_avg_risky_weight,IS_OOS_max_drawdown
3,myopic,240,0.1187020952634878,0.1013918894523018,1.1609072530205735,0.0920057917458679,0.379908194045974,0.6531514008176453,-0.1284947171534164,239,0.0698765696007115,0.1032292008252279,0.707113657796652,0.046354108029414,0.4513837404227239,0.738551489000036,-0.1826296556440882,479,0.0940679465140366,0.10240963790696306,0.9315270789130214,0.06917801601142534,0.41557135810451934,0.6957623007666879,-0.18262965564408828
3,pipinn,240,0.1417334541047401,0.1098255319669655,1.2668630760303827,0.1089797925747756,0.7215615691299683,0.7751889336268167,-0.1323225582194159,239,0.0973087421416261,0.1179291971570423,0.8486759448308427,0.0653154339651342,0.8591673287091602,0.9565209170931102,-0.2112138683843681,479,0.11934708963911489,0.11396145076490288,1.0499125229395616,0.08718152363932836,0.7902208103396277,0.8656656435400613,-0.21121386838436818
3,pipinn_zero,240,0.1428947317406275,0.1101279348410869,1.2730291058515004,0.1098756613391145,0.7426554284780842,0.7923994703712807,-0.1328576136426219,239,0.0959508948235763,0.1184629218546433,0.8348646810572263,0.0638168498354356,0.8594388685114794,0.9567364080821354,-0.2371735686614823,479,0.1192257074926324,0.11439867117073599,1.0453914606797097,0.08687375404091806,0.800925245112701,0.8743963975380745,-0.2371735686614821
