rank,strategy,IS_months,IS_ann_ret,IS_ann_vol,IS_sharpe,IS_cer_ann,IS_avg_turnover,IS_avg_risky_weight,IS_max_drawdown,OOS_months,OOS_ann_ret,OOS_ann_vol,OOS_sharpe,OOS_cer_ann,OOS_avg_turnover,OOS_avg_risky_weight,OOS_max_drawdown,IS_OOS_months,IS_OOS_ann_ret,IS_OOS_ann_vol,IS_OOS_sharpe,IS_OOS_cer_ann,IS_OOS_avg_turnover,IS_OOS_avg_risky_weight,IS_OOS_max_drawdown
1,myopic,240,0.1169946208630743,0.1037528977169813,1.1219853991074455,0.0894975768918653,0.3997127029072733,0.6712573690545923,-0.1351703542717974,239,0.0610094678540658,0.1143924063206121,0.5757893937654402,0.0331518777271651,0.4828700393915635,0.7652471254071852,-0.2084744796546268,479,0.08870064790906707,0.1093210862376326,0.8341514674476226,0.061312594767649574,0.4412045680841947,0.7181541368380365,-0.21148560328821076
1,pipinn,240,0.1403786363012122,0.108143540891031,1.2740005472647695,0.1085373666871983,0.7311692426775239,0.7788450977502873,-0.1291310164956381,239,0.0873589818525468,0.1300484132776628,0.7109678017348328,0.0501787600170285,0.8816918426643489,0.955146217700359,-0.2321552076563628,479,0.11360864068398935,0.11962982302610452,0.9626770384853989,0.07938664735215997,0.8062734209590504,0.8668116273287156,-0.23215520765636266
1,pipinn_zero,240,0.1403055740823093,0.1086121894009941,1.2683926193263864,0.1082713801889069,0.7562138815384974,0.7972054428711421,-0.1244674893473838,239,0.0853341263263389,0.1308924013077339,0.6929137335381447,0.0478650906816528,0.8855469416028342,0.958450198791887,-0.2472024523358136,479,0.1125377382840842,0.1203125825732022,0.9498520244677521,0.07809135631251571,0.8207454083764443,0.8776595068900523,-0.2472024523358134
