rank,strategy,IS_months,IS_ann_ret,IS_ann_vol,IS_sharpe,IS_cer_ann,IS_avg_turnover,IS_avg_risky_weight,IS_max_drawdown,OOS_months,OOS_ann_ret,OOS_ann_vol,OOS_sharpe,OOS_cer_ann,OOS_avg_turnover,OOS_avg_risky_weight,OOS_max_drawdown,IS_OOS_months,IS_OOS_ann_ret,IS_OOS_ann_vol,IS_OOS_sharpe,IS_OOS_cer_ann,IS_OOS_avg_turnover,IS_OOS_avg_risky_weight,IS_OOS_max_drawdown
2,myopic,240,0.1187048658471865,0.1014006618929885,1.1608402811083005,0.0920047372755841,0.3800441540340281,0.6532047466579546,-0.1284375550107804,239,0.0699202711576134,0.1032409394396047,0.7074429423661842,0.0463903450288726,0.4514566235749243,0.7385112577818959,-0.1827282108337351,479,0.09409160213393442,0.10241951766753155,0.9316598730851589,0.06919576083345112,0.41567584551685516,0.6957689557573742,-0.18272821083373503
2,pipinn,240,0.1420711970629535,0.1098142761209128,1.2697025878590509,0.1092835324746911,0.718797727294797,0.7749729366234841,-0.1324671776502083,239,0.0973173870930468,0.117884229614123,0.8490225954177975,0.0653446456065221,0.8606761267056603,0.9562657092597984,-0.2126812541936764,479,0.11951738411851442,0.11393497676610262,1.0514768688082938,0.08734704529103642,0.7895888284622214,0.8654300820516241,-0.21268125419367645
2,pipinn_zero,240,0.1429714406102635,0.1101104074961293,1.273830270800152,0.1099512156013003,0.7418793210579584,0.7923242085831848,-0.1329449015929764,239,0.096049346528507,0.1184247803074063,0.8358597309845323,0.0639254335325073,0.8607468489766829,0.9566435692841966,-0.2370651596571685,479,0.11931351227557352,0.11437041796207136,1.0463135902904293,0.08696584137886466,0.801189006178157,0.8743123655926666,-0.23706515965716835
