rank,strategy,IS_months,IS_ann_ret,IS_ann_vol,IS_sharpe,IS_cer_ann,IS_avg_turnover,IS_avg_risky_weight,IS_max_drawdown,OOS_months,OOS_ann_ret,OOS_ann_vol,OOS_sharpe,OOS_cer_ann,OOS_avg_turnover,OOS_avg_risky_weight,OOS_max_drawdown,IS_OOS_months,IS_OOS_ann_ret,IS_OOS_ann_vol,IS_OOS_sharpe,IS_OOS_cer_ann,IS_OOS_avg_turnover,IS_OOS_avg_risky_weight,IS_OOS_max_drawdown
4,myopic,240,0.1169946208630743,0.1037528977169813,1.1219853991074455,0.0894975768918653,0.3997127029072733,0.6712573690545923,-0.1351703542717974,239,0.0610094678540658,0.1143924063206121,0.5757893937654402,0.0331518777271651,0.4828700393915635,0.7652471254071852,-0.2084744796546268,479,0.08870064790906707,0.1093210862376326,0.8341514674476226,0.061312594767649574,0.4412045680841947,0.7181541368380365,-0.21148560328821076
4,pipinn,240,0.1439708664147352,0.1042982211887314,1.347582481677145,0.1133551583861886,0.6965706552913858,0.7491839823820737,-0.1044208111010376,239,0.0946870094140857,0.1244565442331118,0.7912671589070712,0.0597547976566053,0.90259875764201,0.9416901538409618,-0.2172673122278355,479,0.11910910164566535,0.11484042728061461,1.0410822683286862,0.08658752318415248,0.7993696458170626,0.8452361222122914,-0.21726731222783557
4,pipinn_zero,240,0.1410785029395982,0.1085868274288917,1.2749657276205513,0.1089667357152044,0.7566889812353497,0.7979539208001526,-0.1212226716233267,239,0.0854637309761783,0.131169490725403,0.6926420240954297,0.0478399133127058,0.8976974939650735,0.9644352799534242,-0.2491630151255074,479,0.1129818235526634,0.12045562052869256,0.952206874448386,0.07842477864098626,0.8270460470858799,0.8810208202524115,-0.2491630151255071
