rank,strategy,IS_months,IS_ann_ret,IS_ann_vol,IS_sharpe,IS_cer_ann,IS_avg_turnover,IS_avg_risky_weight,IS_max_drawdown,OOS_months,OOS_ann_ret,OOS_ann_vol,OOS_sharpe,OOS_cer_ann,OOS_avg_turnover,OOS_avg_risky_weight,OOS_max_drawdown,IS_OOS_months,IS_OOS_ann_ret,IS_OOS_ann_vol,IS_OOS_sharpe,IS_OOS_cer_ann,IS_OOS_avg_turnover,IS_OOS_avg_risky_weight,IS_OOS_max_drawdown
2,myopic,240,0.1009787916210984,0.1187156492947021,0.874122749912319,0.0685385363504547,0.4097384037331663,0.747297575538336,-0.2386798095967207,239,0.0796722162528338,0.128685116890635,0.661549534876955,0.0437319309516951,0.4261155691674624,0.8658933301477865,-0.2219429140703315,479,0.09029569799647064,0.12369010592013452,0.7637738808031992,0.056223166459244675,0.4179098912880656,0.8064716576921119,-0.23867980959672053
2,pipinn,240,0.1281461528333292,0.1093983231077748,1.161628964924826,0.0971602780892134,0.7114428531755314,0.8199953277167105,-0.123996646591449,239,0.0895879883666681,0.137947102235976,0.6927985265008726,0.0479960416258923,0.733817032798195,0.9461520398148746,-0.2672933680774115,479,0.10873970940311506,0.12441710779719889,0.8950360537640908,0.07265875540199687,0.7226065878933111,0.8829419961748758,-0.26729336807741133
2,pipinn_zero,240,0.1163364859237174,0.1219436078607294,0.9681728936407544,0.0808868869382874,0.7567804165310593,0.8572343544078628,-0.2058969168518806,239,0.090021513249749,0.1410602957993299,0.6835305203039902,0.0466739997544646,0.7375960455717361,0.9675154417194556,-0.2693621801122627,479,0.1031280012461262,0.13172804252942058,0.814278773375723,0.06388265591845957,0.7472082564908124,0.9122597821061313,-0.26936218011226265
